company,sector,pageUrl,Description,investmentStart,investmentEnd,returnTime,averageCompanyBilling,totalUnits,contact,workStyle,site,perfilFranqueado,seleção,state,cnpj,society,companySize,dateOfOpening,principalActivity,secondaryActivity,companyStatus,dateOfStatus,totalFuncionarios,totalArea,faturamentoMedio,capitalInstalacao,taxaFranquia,taxaPropaganda,taxaRoyalties,beneficiosFranqueado,capital_needed,prazo,features
billy the grill,1,https://franquias.portaldofranchising.com.br/franquia-billy-the-grill-alimentacao/,conheca a franquia billy the grill no portal do franchising rede de servico de alimentacao com oferta de refeicoes rapidas,470000.0,550000.0,24,175000,42.0,(21) 99535-7498,2,https://www.billythegrill.com.br/," idoneo e responsavel
 dinamico empreendedor persistente e flexivel
 capacidade de lideranca
 facilidade no tratamento com o publico
 capacidade de integracao de equipes
 nao ser um homem de gabinete
 estar disposto a desenvolver e aprimorar em conjunto com a franqueadora um sistema operacional de qualidade
 ter disponibilidade direta e pessoal para administrar e operar a unidade franqueada
 possuir suporte financeiro condizente com o nivel de investimento para iniciar e sustentar a operacao
 ter idade minima de 21 anos"," cadastro pelo site ou portal do franchising
 recebimento da apresentacao comercial e ficha de cadastro
 avaliacao da ficha de cadastro
 reuniao na matriz do grupo alento franchising
 recebimento da circular de oferta de franquia cof
 vivencia em loja testdrive e avaliacao
 assinatura do precontrato
 reuniao de boas vindas
 avaliacao do ponto comercial e assinatura de contrato de locacao
 projeto arquitetonico e obra civil
 abertura da empresa
 capacitacao do franqueado e 1a equipe
 inauguracao",6,19201517000177,2,1,04/11/2013,5611201  restaurantes e similares,5611203  lanchonetes casas de cha de sucos e similares,1,04/11/2013,de 13 a 18,de 30 a 50 m²,135000,435000.0,45000.0,Taxa de Propaganda: 2% sobre o faturamento bruto,Taxa de Royalties: 5% sobre o faturamento bruto," apoio na escolha do ponto
 treinamento de colaboradores
 apoio de marketing
 apoio na negociacao com shoppings
 apoio na operacao da loja

",1,3,"conheca a franquia billy the grill no portal do franchising rede de servico de alimentacao com oferta de refeicoes rapidas  idoneo e responsavel
 dinamico empreendedor persistente e flexivel
 capacidade de lideranca
 facilidade no tratamento com o publico
 capacidade de integracao de equipes
 nao ser um homem de gabinete
 estar disposto a desenvolver e aprimorar em conjunto com a franqueadora um sistema operacional de qualidade
 ter disponibilidade direta e pessoal para administrar e operar a unidade franqueada
 possuir suporte financeiro condizente com o nivel de investimento para iniciar e sustentar a operacao
 ter idade minima de 21 anos  cadastro pelo site ou portal do franchising
 recebimento da apresentacao comercial e ficha de cadastro
 avaliacao da ficha de cadastro
 reuniao na matriz do grupo alento franchising
 recebimento da circular de oferta de franquia cof
 vivencia em loja testdrive e avaliacao
 assinatura do precontrato
 reuniao de boas vindas
 avaliacao do ponto comercial e assinatura de contrato de locacao
 projeto arquitetonico e obra civil
 abertura da empresa
 capacitacao do franqueado e 1a equipe
 inauguracao  apoio na escolha do ponto
 treinamento de colaboradores
 apoio de marketing
 apoio na negociacao com shoppings
 apoio na operacao da loja

 5611201  restaurantes e similares 5611203  lanchonetes casas de cha de sucos e similares"
acai da barra,13,https://franquias.portaldofranchising.com.br/franquia-acai-da-barra/,acai da barra e uma rede self service de acai produtos com fabricacao propria um negocio cheio de energia e sabor saiba mais no portal do franchising,16000.0,390000.0,16,0,136.0,(14) 3438-3151,2,https://acaidabarra.com.br/, lideranca comprometimento capacidade de motivar pessoas foco em resultados organizacao saber gerenciar conflitos bom relacionamento identificacao com o segmento disponibilidade para gestao do negocio disponibilidade de capital,contato inicial preenchimento da ficha de prequalificacao reuniao assinatura cof assinatura precontrato pagamento da taxa aprovacao do ponto comercial inicio da implantacao treinamentos,11,27857698000112,2,0,30/05/2017,1053800  fabricacao de sorvetes e outros gelados comestiveis,1033301  fabricacao de sucos concentrados de frutas hortalicas e legumes,1,30/05/2017,de 4 a 10,de 100 a 500 m²,215000.0,185000.0,30000.0,"0% VARIÁVEL SOBRE VENDAS BRUTAS - DE R$400,00 A R$800,00",0% VARIÁVEL SOBRE COMPAS,"
conheca alguns termos importantes na hora de comprar sua franquia

royalties remuneracao do franqueador em contra partida a cessao e manutencao dos direitos da franquia ao franqueado

taxa de marketing tambem chamada de taxa de propaganda ou de publicidade ela e cobrada dos franqueados para que se forme um fundo a ser gerenciado pela franqueadora para uso em campanhas de divulgacao nacional regional ou local

cof  circular de oferta de franquia documento obrigatorio pela lei de franquias 8955 que contem todos os dados e informacoes necessarias para o candidato a franqueado poder analisar a oportunidade de investimento em determinada franquia

saiba tudo sobre o modelo de franquias para expandir negocios

",2,3,"acai da barra e uma rede self service de acai produtos com fabricacao propria um negocio cheio de energia e sabor saiba mais no portal do franchising  lideranca comprometimento capacidade de motivar pessoas foco em resultados organizacao saber gerenciar conflitos bom relacionamento identificacao com o segmento disponibilidade para gestao do negocio disponibilidade de capital contato inicial preenchimento da ficha de prequalificacao reuniao assinatura cof assinatura precontrato pagamento da taxa aprovacao do ponto comercial inicio da implantacao treinamentos 
conheca alguns termos importantes na hora de comprar sua franquia

royalties remuneracao do franqueador em contra partida a cessao e manutencao dos direitos da franquia ao franqueado

taxa de marketing tambem chamada de taxa de propaganda ou de publicidade ela e cobrada dos franqueados para que se forme um fundo a ser gerenciado pela franqueadora para uso em campanhas de divulgacao nacional regional ou local

cof  circular de oferta de franquia documento obrigatorio pela lei de franquias 8955 que contem todos os dados e informacoes necessarias para o candidato a franqueado poder analisar a oportunidade de investimento em determinada franquia

saiba tudo sobre o modelo de franquias para expandir negocios

 1053800  fabricacao de sorvetes e outros gelados comestiveis 1033301  fabricacao de sucos concentrados de frutas hortalicas e legumes"
casa do construtor,4,https://franquias.portaldofranchising.com.br/franquia-casa-do-construtor-construcao/,invista em uma franquia casa do construtor rede brasileira especializada na locacao de equipamentos para construcao civil acesse o portal do franchising,470000.0,700000.0,36,90000,398.0,(19) 2111-8311,2,https://casadoconstrutor.com/franquia/,"a jovens empreendedores mas que sentem a necessidade de suporte e experiencia para gerir seu proprio negocio

b profissionais da construcao civil engenheiros arquitetos etc tecnicos mestres de obras e profissionais do ramo da construcao civil que queiram ter o seu proprio negocio mas com a experiencia de quem ja esta no ramo outros requisitos  a espirito empreendedor e
 essencial que o franqueado possua empenho de empreendedor na conducao 
de seu negocio estar disposto a assumir riscos tendo disposicao para o
 trabalho ter habilidade em delegar tarefas b facilidade de comunicacao o franqueado devera ser comunicativo e ter facilidade em transmitir informacoes a sua equipe c
 sociabilidade o franqueado deve ter facilidade em trabalhar com o 
publico deve ter habilidade em delegar tarefas e motivar sua equipe d assumir riscos o franqueado deve ter consciencia que mesmo nos negocios formatados ha riscos e preferencialmente morar na cidade de implantacao da franquia f ter idade acima de 18 anos g capacidade de desenvolver habilidades em gestao de negocios h respeito as regras da franqueadora i envolvimento junto a franqueadora de modo a fomentar o crescimento da rede

c proprietarios de pequenas lojas do ramo de equipamentos para construcao civil que estao querendo abrir o leque de atividades afins com ajuda de profissionais do ramo

d empresarios que analisam novos negocios e queiram maximizar suas taxas de sucesso com um knowhow ja adquirido em 27 anos de experiencia no ramo de locacao de equipamentos","conheca abaixo quais sao as etapas do processo de selecao da franquia casa do construtor

atraves de um proposito maior de servir a todos os envolvidos a casa do construtor  solucao em aluguel de equipamentos faz de seu processo de selecao um rito onde proporciona ao candidato o estudo do negocio de maneira clara transparente e objetiva para que ambas as partes possam expor suas expectativas e percepcoes quanto ao envolvido

nosso objetivo inicial e definir o interesse quanto ao territorio para atuacao e tambem o investimento necessario

em paralelo as estas definicoes esclarecemos de forma clara e transparente as nuances sobre o negocio casa do construtor  solucao em aluguel de equipamentos investimento retorno potencial de negocio

a proxima etapa deste processo e o agendamento de uma visita a sede da franqueadora para que possamos neste momento de grande importancia onde candidato e franqueadora tem a oportunidade de um ajuste fino de expectativas quanto ao negocio desafios possibilidades potencial de faturamento entres outras caracteristicas pertinentes ao negocio

tambem a oportunidade do candidato conhecer a sede universidade corporativa e loja ndeg 1 de uma rede de mais de 240 lojas em todo o brasil proporcionando ao mesmo tempo uma gama de informacoes imprescindiveis ao candidato na seu estudo quanto ao negocio e a franqueadora a oportunidade conhecer e entender o perfil do candidato afim de reconhecer no mesmo a sinergia com os valores da casa do construtor",0,3729824000195,2,0,22/03/2000,7490104  atividades de intermediacao e agenciamento de servicos e negocios em geral exceto imobiliarios,7020400  atividades de consultoria em gestao empresarial exceto consultoria tecnica especifica 8299799  outras atividades de servicos prestados principalmente as empresas nao especificadas anteriormente,1,11/12/2004,de 5 a 20,de 300 a 800 m²,90000,557500.0,65000.0,2% FATURAMENTO BRUTO,8% FATURAMENTO BRUTO," apoio na escolha do ponto
 treinamento de colaboradores
 apoio de marketing
 apoio na negociacao com shoppings
 apoio na operacao da loja

",1,2,"invista em uma franquia casa do construtor rede brasileira especializada na locacao de equipamentos para construcao civil acesse o portal do franchising a jovens empreendedores mas que sentem a necessidade de suporte e experiencia para gerir seu proprio negocio

b profissionais da construcao civil engenheiros arquitetos etc tecnicos mestres de obras e profissionais do ramo da construcao civil que queiram ter o seu proprio negocio mas com a experiencia de quem ja esta no ramo outros requisitos  a espirito empreendedor e
 essencial que o franqueado possua empenho de empreendedor na conducao 
de seu negocio estar disposto a assumir riscos tendo disposicao para o
 trabalho ter habilidade em delegar tarefas b facilidade de comunicacao o franqueado devera ser comunicativo e ter facilidade em transmitir informacoes a sua equipe c
 sociabilidade o franqueado deve ter facilidade em trabalhar com o 
publico deve ter habilidade em delegar tarefas e motivar sua equipe d assumir riscos o franqueado deve ter consciencia que mesmo nos negocios formatados ha riscos e preferencialmente morar na cidade de implantacao da franquia f ter idade acima de 18 anos g capacidade de desenvolver habilidades em gestao de negocios h respeito as regras da franqueadora i envolvimento junto a franqueadora de modo a fomentar o crescimento da rede

c proprietarios de pequenas lojas do ramo de equipamentos para construcao civil que estao querendo abrir o leque de atividades afins com ajuda de profissionais do ramo

d empresarios que analisam novos negocios e queiram maximizar suas taxas de sucesso com um knowhow ja adquirido em 27 anos de experiencia no ramo de locacao de equipamentos conheca abaixo quais sao as etapas do processo de selecao da franquia casa do construtor

atraves de um proposito maior de servir a todos os envolvidos a casa do construtor  solucao em aluguel de equipamentos faz de seu processo de selecao um rito onde proporciona ao candidato o estudo do negocio de maneira clara transparente e objetiva para que ambas as partes possam expor suas expectativas e percepcoes quanto ao envolvido

nosso objetivo inicial e definir o interesse quanto ao territorio para atuacao e tambem o investimento necessario

em paralelo as estas definicoes esclarecemos de forma clara e transparente as nuances sobre o negocio casa do construtor  solucao em aluguel de equipamentos investimento retorno potencial de negocio

a proxima etapa deste processo e o agendamento de uma visita a sede da franqueadora para que possamos neste momento de grande importancia onde candidato e franqueadora tem a oportunidade de um ajuste fino de expectativas quanto ao negocio desafios possibilidades potencial de faturamento entres outras caracteristicas pertinentes ao negocio

tambem a oportunidade do candidato conhecer a sede universidade corporativa e loja ndeg 1 de uma rede de mais de 240 lojas em todo o brasil proporcionando ao mesmo tempo uma gama de informacoes imprescindiveis ao candidato na seu estudo quanto ao negocio e a franqueadora a oportunidade conhecer e entender o perfil do candidato afim de reconhecer no mesmo a sinergia com os valores da casa do construtor  apoio na escolha do ponto
 treinamento de colaboradores
 apoio de marketing
 apoio na negociacao com shoppings
 apoio na operacao da loja

 7490104  atividades de intermediacao e agenciamento de servicos e negocios em geral exceto imobiliarios 7020400  atividades de consultoria em gestao empresarial exceto consultoria tecnica especifica 8299799  outras atividades de servicos prestados principalmente as empresas nao especificadas anteriormente"
anjos colchoes,4,https://franquias.portaldofranchising.com.br/franquia-anjos-colchoes-moveis/,abra uma franquia anjos colchoes faca parte deste time e divulgue a qualidade de vida com produtos confortaveis acesse portal do franchising e saiba mais,400000.0,465000.0,8,150000,171.0,(45) 3228-2883,2,https://anjosfranchising.com.br/,"conhecimento em praticas gerenciais preferencialmente com historico de sucesso em outros empreendimentos proprios ou de terceiros
    espirito empreendedor e dinamico
    espirito de lideranca elevado e capacidade para estimular equipes a obter resultados
    habilidade para lidar com conflitos
    facilidade de relacionamento
    capacidade administrativa
    dedicacao ao negocio
    capacidade financeira",apos recebimento dos documentos do franqueado e feito uma avaliacao atraves de documentos pessoais analise de credito e financeira bem como psicologica,4,12480370000152,2,2,27/08/2010,,,3,17/03/2021,de 2 a 3,de 80 a 500 m²,60000,165000.0,20000.0,2% COMPRAS,10% COMPRAS, apoio na escolha do ponto  treinamento de colaboradores  apoio de marketing  apoio na operacao da loja,1,1,"abra uma franquia anjos colchoes faca parte deste time e divulgue a qualidade de vida com produtos confortaveis acesse portal do franchising e saiba mais conhecimento em praticas gerenciais preferencialmente com historico de sucesso em outros empreendimentos proprios ou de terceiros
    espirito empreendedor e dinamico
    espirito de lideranca elevado e capacidade para estimular equipes a obter resultados
    habilidade para lidar com conflitos
    facilidade de relacionamento
    capacidade administrativa
    dedicacao ao negocio
    capacidade financeira apos recebimento dos documentos do franqueado e feito uma avaliacao atraves de documentos pessoais analise de credito e financeira bem como psicologica  apoio na escolha do ponto  treinamento de colaboradores  apoio de marketing  apoio na operacao da loja  "
colchoes ortobom,13,https://franquias.portaldofranchising.com.br/franquia-colchoes-ortobom-moveis/,invista em uma franquia colchoes ortobom rede de comercializacao de colchao e produtos para o sono acesse ja o portal do franchising e saiba mais,19900.0,49900.0,12,80000,2090.0,(21) 2197-1000,2,https://www.ortobom.com.br/,"
 ser empreendedor estar disposto a seguir as regras do sistema de franquias ter experiencia com vendas e gostar de trabalhar com pessoas","
 cadastro e primeira aprovacao

 aprovacao com gerente de franquia

 documentacao

 escolha de ponto

 projeto e obras

 inauguracao  ",11,12335935000108,2,2,04/08/2010,,,2,12/12/2018,de 8 a 8,de 200 a 200 m²,60000,99000.0,30000.0,0% NÃO COBRA,5%, apoio na escolha do ponto  treinamento de colaboradores  apoio de marketing  apoio na negociacao com shoppings  apoio na operacao da loja,2,1,"invista em uma franquia colchoes ortobom rede de comercializacao de colchao e produtos para o sono acesse ja o portal do franchising e saiba mais 
 ser empreendedor estar disposto a seguir as regras do sistema de franquias ter experiencia com vendas e gostar de trabalhar com pessoas 
 cadastro e primeira aprovacao

 aprovacao com gerente de franquia

 documentacao

 escolha de ponto

 projeto e obras

 inauguracao    apoio na escolha do ponto  treinamento de colaboradores  apoio de marketing  apoio na negociacao com shoppings  apoio na operacao da loja  "
clube turismo,6,https://franquias.portaldofranchising.com.br/franquia-clube-turismo-hotelaria-e-turismo/,invista em uma franquia clube turismo um setor em constante crescimento acesse ja o portal do franchising e conheca os beneficios de ser um franqueado,31000.0,56000.0,6,200000,540.0,(83) 3022-4301,0,https://www.franquiaclubeturismo.com.br/," idade minima 22 anos

 escolaridade preferencialmente curso superior completo

 experiencia profissional nao e obrigatorio porem e indicado que o franqueado tenha experiencia em atividades comerciais e importante ter vivenciado experiencias em viagens nacionais e internacionais

 habilidades desejadas boa capacidade de comunicacao verbal e escrita dominio em navegacao web e uso de recursos basicos windows word skype email boa capacidade de argumentacao e persuasao proatividade espirito empreendedor capacidade de gestao comercial financeira capacidade de trabalho em equipe bom relacionamento interpessoal dinamismo autocontrole

 disponibilidade o franqueado da modalidade office possui a liberdade de definicao do tempo de dedicacao ao negocio podendo ser parcial ou integral

 publico alvo do franqueado pessoas do networking do franqueado alem do publico em geral sejam eles pessoas fisicas ou juridicas","1 candidatarse a franquia preenchendo o formulario disponivel no site franquiaclubeturismocombr
2 preencher o formulario complementar enviado para o email do candidato
3 ser preaprovado na analise de documentacao
4 ser aprovado na entrevista realizada pelo setor de expansao da franqueadora  clube turismo
5 apresentar a documentacao necessaria requerida pela franqueadora para a abertura do cadastro do franqueado na modalidade de negocio escolhida
6 formalizar o contrato e efetuar o pagamento da taxa de adesao
7 seguir as instrucoes de implementacao da modalidade de escolha realizar os treinamentos iniciais e continuos",6,30056295000189,2,2,19/12/1972,,,3,12/01/2022,de 1 a 1,de 18 a 18 m²,150000,11800.0,25000.0,"Taxa de propaganda (mês) = Isento / Taxa de website (mês) = R$ 70,00","R$ 300,00 por mês / Valor de aluguel sugerido = R$ 900,00"," apoio na escolha do ponto
 treinamento de colaboradores
 apoio de marketing
 apoio na negociacao com shoppings
 apoio na operacao da loja

",2,1,"invista em uma franquia clube turismo um setor em constante crescimento acesse ja o portal do franchising e conheca os beneficios de ser um franqueado  idade minima 22 anos

 escolaridade preferencialmente curso superior completo

 experiencia profissional nao e obrigatorio porem e indicado que o franqueado tenha experiencia em atividades comerciais e importante ter vivenciado experiencias em viagens nacionais e internacionais

 habilidades desejadas boa capacidade de comunicacao verbal e escrita dominio em navegacao web e uso de recursos basicos windows word skype email boa capacidade de argumentacao e persuasao proatividade espirito empreendedor capacidade de gestao comercial financeira capacidade de trabalho em equipe bom relacionamento interpessoal dinamismo autocontrole

 disponibilidade o franqueado da modalidade office possui a liberdade de definicao do tempo de dedicacao ao negocio podendo ser parcial ou integral

 publico alvo do franqueado pessoas do networking do franqueado alem do publico em geral sejam eles pessoas fisicas ou juridicas 1 candidatarse a franquia preenchendo o formulario disponivel no site franquiaclubeturismocombr
2 preencher o formulario complementar enviado para o email do candidato
3 ser preaprovado na analise de documentacao
4 ser aprovado na entrevista realizada pelo setor de expansao da franqueadora  clube turismo
5 apresentar a documentacao necessaria requerida pela franqueadora para a abertura do cadastro do franqueado na modalidade de negocio escolhida
6 formalizar o contrato e efetuar o pagamento da taxa de adesao
7 seguir as instrucoes de implementacao da modalidade de escolha realizar os treinamentos iniciais e continuos  apoio na escolha do ponto
 treinamento de colaboradores
 apoio de marketing
 apoio na negociacao com shoppings
 apoio na operacao da loja

  "
acium,5,https://franquias.portaldofranchising.com.br/franquia-acium/,oportunidade conheca a franquia acium no portal do franchising invista em um segmento em ampla expansao de mercado,90000.0,145000.0,12,50000,310.0,(11) 2391-8991,2,https://acium.com.br/pages/seja-um-franqueado?utm_source=portaldofranchising&utm_medium=minisite&utm_campaign=cata-franqueado,o perfil ideal sao pessoas dinamicas que gostem de vendas e que estejam dispostas a acompanhar o dia a dia de sua operacao ,a acium nao exige que o candidato tenha experiencia previa no segmento de varejo pois a franqueadora transfere todo o seu knowhow para o novo franqueado ,11,12489000000186,2,0,13/08/2010,4789001  comercio varejista de suvenires bijuterias e artesanatos,7490104  atividades de intermediacao e agenciamento de servicos e negocios em geral exceto imobiliarios,1,28/01/2022,de 3 a 4,de 6 a 10 m²,35000,112500.0,50000.0,R$500 RECEITA MENSAL (AJUSTE ANUAL),R$2.797 FIXO MENSAL (AJUSTE ANUAL)," apoio na escolha do ponto 
 treinamento de colaboradores
 apoio de marketing
 apoio na negociacao com shoppings
  apoio de marketing  apoio na negociacao com shoppings  apoio na operacao da loja",2,1,"oportunidade conheca a franquia acium no portal do franchising invista em um segmento em ampla expansao de mercado o perfil ideal sao pessoas dinamicas que gostem de vendas e que estejam dispostas a acompanhar o dia a dia de sua operacao  a acium nao exige que o candidato tenha experiencia previa no segmento de varejo pois a franqueadora transfere todo o seu knowhow para o novo franqueado   apoio na escolha do ponto 
 treinamento de colaboradores
 apoio de marketing
 apoio na negociacao com shoppings
  apoio de marketing  apoio na negociacao com shoppings  apoio na operacao da loja 4789001  comercio varejista de suvenires bijuterias e artesanatos 7490104  atividades de intermediacao e agenciamento de servicos e negocios em geral exceto imobiliarios"
bibi,4,https://franquias.portaldofranchising.com.br/franquia-bibi-calcado-infantil/,acesse o portal do franchising e conheca a franquia bibi invista em um modelo de negocio divertido inovador e cheio de oportunidades saiba mais,430000.0,520000.0,18,80000,147.0,(51) 3512-3344,2,https://www.bibi.com/,"
 dinamismo lideranca e empreendedorismo

 comprometimento administrativo

 aptidao e desejo de participar de uma estrutura plenamente formatada

 sociabilidade e habilidade em se relacionar com pessoas

 conhecimento do mercado local e caracteristicas regionais

 dominio conceitual e pratico de principios empresariais

 administracao de recursos humanos financeiros e materiais

 familiaridade com vendas

 pro atividade reunindo capacidade analitica e poder de discernimento

 disponibilidade financeira para investir e reinvestir no negocio bibi

 comprometimento total na gestao da franquia","01 avaliacao cadastral e comprovacao financeira do candidato

02 visita ao candidato e apresentacao da franquia bibi

03 visita do candidato a sede da franqueadora

04 assinatura da cof circular de oferta de franquia

05 assinatura do contrato de franquia e entrega manual de implantacao bibi

06 prospeccao do ponto de venda

07 negociacao e avaliacao do ponto

08 planejamento e acompanhamento para inauguracao

09 capacitacao cultura bibi na sede da franqueadora

10 capacitacao da equipe inicial in loco na semana de inauguracao

11 inauguracao da loja

12 servicos continuados e periodicos de consultoria e apoio na gestao e operacao",7,97748958000105,2,0,03/08/1966,1531901  fabricacao de calcados de couro,4643501  comercio atacadista de calcados,1,03/11/2005,de 5 a 6,de 30 a 40 m²,80000,325000.0,50000.0,0% Não cobra,6% Sobre compras," apoio na escolha do ponto
 treinamento de colaboradores
 apoio de marketing
 apoio na negociacao com shoppings
 apoio na operacao da loja

",1,3,"acesse o portal do franchising e conheca a franquia bibi invista em um modelo de negocio divertido inovador e cheio de oportunidades saiba mais 
 dinamismo lideranca e empreendedorismo

 comprometimento administrativo

 aptidao e desejo de participar de uma estrutura plenamente formatada

 sociabilidade e habilidade em se relacionar com pessoas

 conhecimento do mercado local e caracteristicas regionais

 dominio conceitual e pratico de principios empresariais

 administracao de recursos humanos financeiros e materiais

 familiaridade com vendas

 pro atividade reunindo capacidade analitica e poder de discernimento

 disponibilidade financeira para investir e reinvestir no negocio bibi

 comprometimento total na gestao da franquia 01 avaliacao cadastral e comprovacao financeira do candidato

02 visita ao candidato e apresentacao da franquia bibi

03 visita do candidato a sede da franqueadora

04 assinatura da cof circular de oferta de franquia

05 assinatura do contrato de franquia e entrega manual de implantacao bibi

06 prospeccao do ponto de venda

07 negociacao e avaliacao do ponto

08 planejamento e acompanhamento para inauguracao

09 capacitacao cultura bibi na sede da franqueadora

10 capacitacao da equipe inicial in loco na semana de inauguracao

11 inauguracao da loja

12 servicos continuados e periodicos de consultoria e apoio na gestao e operacao  apoio na escolha do ponto
 treinamento de colaboradores
 apoio de marketing
 apoio na negociacao com shoppings
 apoio na operacao da loja

 1531901  fabricacao de calcados de couro 4643501  comercio atacadista de calcados"
bluefit,10,https://franquias.portaldofranchising.com.br/franquia-bluefit/,acesse ja o portal do franchising e conheca a franquia bluefit uma rede de academias de ginastica aproveite essa excelente oportunidade de negocio,1280000.0,4430000.0,24,0,81.0,(11) 2391-9938,2,https://www.bluefit.com.br," lideranca e gestao depessoas

 habilidades para gestao  administrativa e financeira

 disponibilidade para gerir o negocio

 capacidade financeira comprovada

 capacidade para adaptacao ao  conceito bluefit

 aceitar criticas e sugestoes para  manutencao dos padroes bluefit","contato inicial
    recebimento da apresentacao da franquia
    envio da ficha de prequalificacao e documentos  solicitados pela franqueadora
    reuniao presencial
    estudo previo da localizacao de intencao
    recebimento e analise da cof  circular de oferta de franquia
    assinatura do precontrato de franquia
    implantacao da academia
    inauguracao da sua bluefit",11,24921465002944,0,0,17/07/2018,9313100  atividades de condicionamento fisico,7740300  gestao de ativos intangiveis naofinanceiros 6462000  holdings de instituicoes naofinanceiras,1,17/07/2018,de 20 a 30,de 1000 a 3000 m²,0,1650000.0,100000.0,1% sobre o faturamento bruto,8% sobre o faturamento bruto,"
conheca alguns termos importantes na hora de comprar sua franquia

royalties remuneracao do franqueador em contra partida a cessao e manutencao dos direitos da franquia ao franqueado

taxa de marketing tambem chamada de taxa de propaganda ou de publicidade ela e cobrada dos franqueados para que se forme um fundo a ser gerenciado pela franqueadora para uso em campanhas de divulgacao nacional regional ou local

cof  circular de oferta de franquia documento obrigatorio pela lei de franquias 8955 que contem todos os dados e informacoes necessarias para o candidato a franqueado poder analisar a oportunidade de investimento em determinada franquia

saiba tudo sobre o modelo de franquias para expandir negocios

",1,3,"acesse ja o portal do franchising e conheca a franquia bluefit uma rede de academias de ginastica aproveite essa excelente oportunidade de negocio  lideranca e gestao depessoas

 habilidades para gestao  administrativa e financeira

 disponibilidade para gerir o negocio

 capacidade financeira comprovada

 capacidade para adaptacao ao  conceito bluefit

 aceitar criticas e sugestoes para  manutencao dos padroes bluefit contato inicial
    recebimento da apresentacao da franquia
    envio da ficha de prequalificacao e documentos  solicitados pela franqueadora
    reuniao presencial
    estudo previo da localizacao de intencao
    recebimento e analise da cof  circular de oferta de franquia
    assinatura do precontrato de franquia
    implantacao da academia
    inauguracao da sua bluefit 
conheca alguns termos importantes na hora de comprar sua franquia

royalties remuneracao do franqueador em contra partida a cessao e manutencao dos direitos da franquia ao franqueado

taxa de marketing tambem chamada de taxa de propaganda ou de publicidade ela e cobrada dos franqueados para que se forme um fundo a ser gerenciado pela franqueadora para uso em campanhas de divulgacao nacional regional ou local

cof  circular de oferta de franquia documento obrigatorio pela lei de franquias 8955 que contem todos os dados e informacoes necessarias para o candidato a franqueado poder analisar a oportunidade de investimento em determinada franquia

saiba tudo sobre o modelo de franquias para expandir negocios

 9313100  atividades de condicionamento fisico 7740300  gestao de ativos intangiveis naofinanceiros 6462000  holdings de instituicoes naofinanceiras"
bioflora,6,https://franquias.portaldofranchising.com.br/franquia-bioflora/,acesse ja o portal do franchising e conheca a franquia bioflora rede de produtos naturais aproveite essa excelente oportunidade de negocio,23500.0,71000.0,5,12000,83.0,(17) 3305-7518,0,https://www.bioflora.com.br,"1  sexo ambos
2  idade minima 18 anos
3  escolaridade ensino fundamental completo
4 experiencia nao e necessario experiencia no ramo","1  identificacao com o mercado de produtos naturais 
2  identificacao com o sistema de vendas diretas  
3  capacidade de receber e aplicar as orientacoes da franqueadora 
4 persistencia para atingir objetivos 
5  habilidade em lidar com o publico
6  etica e espirito de parceria
7  dedicacao e comprometimento
8  dinamismo lideranca e empreendedorismo 
9  conhecimentos de administracao ",3,4002546000132,2,1,28/07/2000,4771702  comercio varejista de produtos farmaceuticos com manipulacao de formulas,4771703  comercio varejista de produtos farmaceuticos homeopaticos,1,03/11/2005,de 7 a 7,de 115 a 155 m²,60000,51750.0,40000.0,1%,4%, apoio na escolha do ponto  treinamento de colaboradores  apoio de marketing  apoio na negociacao com shoppings  apoio na operacao da loja,2,1,"acesse ja o portal do franchising e conheca a franquia bioflora rede de produtos naturais aproveite essa excelente oportunidade de negocio 1  sexo ambos
2  idade minima 18 anos
3  escolaridade ensino fundamental completo
4 experiencia nao e necessario experiencia no ramo 1  identificacao com o mercado de produtos naturais 
2  identificacao com o sistema de vendas diretas  
3  capacidade de receber e aplicar as orientacoes da franqueadora 
4 persistencia para atingir objetivos 
5  habilidade em lidar com o publico
6  etica e espirito de parceria
7  dedicacao e comprometimento
8  dinamismo lideranca e empreendedorismo 
9  conhecimentos de administracao   apoio na escolha do ponto  treinamento de colaboradores  apoio de marketing  apoio na negociacao com shoppings  apoio na operacao da loja 4771702  comercio varejista de produtos farmaceuticos com manipulacao de formulas 4771703  comercio varejista de produtos farmaceuticos homeopaticos"
agua de cheiro,5,https://franquias.portaldofranchising.com.br/franquia-agua-de-cheiro-cosmeticos-e-perfumaria/,invista em uma franquia agua de cheiro acesse ja o portal do franchising e conheca a rede que conta com 195 unidades espalhadas por todo o brasil,70000.0,175000.0,24,50000.0,135.0,(11) 97897-7009,2,www.aguadecheiro.com.br,"    tenho identificacao com a marca e com o setor de perfumaria e cosmeticos
    quero ter meu negocio proprio
    querer ter mais de 1 operacao
    tenho facilidade de relacionamento e desenvoltura para gestao do negocio
    conheco muito bem a regiao que pretendo atuar
    tenho disposicao para trabalhar aprender respeitar as normas da franqueadora
    tenho disponibilidade para se dedicar pessoalmente ao negocio e fazer ele prosperar
    tenho recursos proprios necessarios para o investimento","    preenchimento da ficha no site
    analise e aprovacao do perfil do candidato
    analise do material dre e cof circular de oferta de franquia  agua de cheiro
    bate papo com franqueados
    assinatura do precontrato de franquia pessoa fisica e pagamento da taxa de franquia
    procura do ponto e definicao de territorio
    assinatura do contrato de franquia
    treinamento franqueado e equipe de profissionais
    inauguracao da loja franqueada",3,47970744000100,2,0,28/11/1981,4771701  comercio varejista de produtos farmaceuticos sem manipulacao de formulas,,1,03/11/2005,-,-,0,0,0,-,-,,2,3,"invista em uma franquia agua de cheiro acesse ja o portal do franchising e conheca a rede que conta com 195 unidades espalhadas por todo o brasil     tenho identificacao com a marca e com o setor de perfumaria e cosmeticos
    quero ter meu negocio proprio
    querer ter mais de 1 operacao
    tenho facilidade de relacionamento e desenvoltura para gestao do negocio
    conheco muito bem a regiao que pretendo atuar
    tenho disposicao para trabalhar aprender respeitar as normas da franqueadora
    tenho disponibilidade para se dedicar pessoalmente ao negocio e fazer ele prosperar
    tenho recursos proprios necessarios para o investimento     preenchimento da ficha no site
    analise e aprovacao do perfil do candidato
    analise do material dre e cof circular de oferta de franquia  agua de cheiro
    bate papo com franqueados
    assinatura do precontrato de franquia pessoa fisica e pagamento da taxa de franquia
    procura do ponto e definicao de territorio
    assinatura do contrato de franquia
    treinamento franqueado e equipe de profissionais
    inauguracao da loja franqueada  4771701  comercio varejista de produtos farmaceuticos sem manipulacao de formulas "
ceopag,6,https://franquias.portaldofranchising.com.br/franquia-ceopag/,ceopag e uma fintech de alta tecnologia criada para revolucionar o mercado de meios de pagamento franquia de meios eletronicos de pagamento inteligente,11500.0,13000.0,6,0,360.0,(17) 3235-4515,0,https://ceopag.com.br,"1deg empreendedor

2deg perfil comercial

3deg gestao de relacionamentos

4deg habilidade basica com tecnologia

5deg disponibilidade de tempo para gerir o negocio","1deg o candidato faz um cadastro pelo site

2deg a area de expansao entra em contato com o candidato para apresentar o negocio

3deg a expansao envia a cof circular de oferta de franquia para o candidato e tira suas duvidas

4deg caso o candidato seja aprovado segue o processo para aquisicao contratual",10,33440218000116,1,0,24/04/2019,7740300  gestao de ativos intangiveis naofinanceiros,6319400  portais provedores de conteudo e outros servicos de informacao na internet dispensada ,1,24/04/2019,de 0 a 1,de 0 a 0 m²,0,0.0,5990.0,0%,"Variável sobre o faturamento bruto - OBSERVAÇÃO FIXO R$299,00 OU 15% SOBRE O FATURAMENTO.", apoio na escolha do ponto  treinamento de colaboradores  apoio de marketing  apoio na negociacao com shoppings  apoio na operacao da loja,2,1,"ceopag e uma fintech de alta tecnologia criada para revolucionar o mercado de meios de pagamento franquia de meios eletronicos de pagamento inteligente 1deg empreendedor

2deg perfil comercial

3deg gestao de relacionamentos

4deg habilidade basica com tecnologia

5deg disponibilidade de tempo para gerir o negocio 1deg o candidato faz um cadastro pelo site

2deg a area de expansao entra em contato com o candidato para apresentar o negocio

3deg a expansao envia a cof circular de oferta de franquia para o candidato e tira suas duvidas

4deg caso o candidato seja aprovado segue o processo para aquisicao contratual  apoio na escolha do ponto  treinamento de colaboradores  apoio de marketing  apoio na negociacao com shoppings  apoio na operacao da loja 7740300  gestao de ativos intangiveis naofinanceiros 6319400  portais provedores de conteudo e outros servicos de informacao na internet dispensada "
brazil health,6,https://franquias.portaldofranchising.com.br/franquia-brazil-health/,a brazil health e uma franquia de corretora especializada em beneficios planos de saudeodonto e seguros de vida com grande reconhecimento no setor,44000.0,49900.0,6,25000,47.0,(11) 99170-7984,0,https://brazilhealth.com.br,"identificacao com o modelo de negocio de vendas consultivas
    habilidade  de atuacao comercial e facilidade de relacionamento com clientes
    habilidade administrativofinanceiraorganizacao
    aceitacao de regras e padroes em franquias
    disponibilidade e de dedicacao ao negocio","passo 1  reuniaoapresentacao do modelo de negocio
passo 2  preenchimento de perfil e cadastro
passo 3  analise de cof  circular de oferta de franquia
passo 4  validacao de perfil do candidato
passo 5  assinatura precontrato e taxa de franquia
passo 6  participacao treinamento de franqueados
passo 7  constituicao da empresa e contrato de franquia
passo 8  inicio da unidade franqueada",11,20281221000192,2,2,20/05/2014,6622300  corretores e agentes de seguros de planos de previdencia complementar e de saude,6629100  atividades auxiliares dos seguros da previdencia complementar e dos planos de saude nao especificadas anteriormente,1,20/05/2014,de 1 a 3,de 0 a 0 m²,15000,0.0,6000.0,1% SOBRE FATURAMENTO BRUTO,2% SOBRE FATURAMENTO BRUTO, treinamento de colaboradores  apoio de marketing  apoio na operacao da loja,2,1,"a brazil health e uma franquia de corretora especializada em beneficios planos de saudeodonto e seguros de vida com grande reconhecimento no setor identificacao com o modelo de negocio de vendas consultivas
    habilidade  de atuacao comercial e facilidade de relacionamento com clientes
    habilidade administrativofinanceiraorganizacao
    aceitacao de regras e padroes em franquias
    disponibilidade e de dedicacao ao negocio passo 1  reuniaoapresentacao do modelo de negocio
passo 2  preenchimento de perfil e cadastro
passo 3  analise de cof  circular de oferta de franquia
passo 4  validacao de perfil do candidato
passo 5  assinatura precontrato e taxa de franquia
passo 6  participacao treinamento de franqueados
passo 7  constituicao da empresa e contrato de franquia
passo 8  inicio da unidade franqueada  treinamento de colaboradores  apoio de marketing  apoio na operacao da loja 6622300  corretores e agentes de seguros de planos de previdencia complementar e de saude 6629100  atividades auxiliares dos seguros da previdencia complementar e dos planos de saude nao especificadas anteriormente"
conta4u,6,https://franquias.portaldofranchising.com.br/franquia-conta4u/,a praticidade em forma de contabilidade invista em uma franquia de contabilidade digital conheca a franquia conta4u um negocio inovador,28000.0,133000.0,11,43000,14.0,(27) 3022-4150,0,https://www.conta4u.com.br,"
qualquer pessoa acima dos 18 anos tem perfil para o nosso modelo de negocios",ao fazer o cadastro e nosso portal httpsconta4ucombrfranquiasphp  entraremos em contato com o candidato que recebera toda apresentacao  dre e cof conversaremos via whatsapp para agendarmos uma conversa ,2,37415998000103,2,2,15/06/2020,8211300  servicos combinados de escritorio e apoio administrativo dispensada ,,1,15/06/2020,de 1 a 1,de 0 a 0 m²,43000,6720.0,15000.0,3% SOBRE O FATURAMENTO BRUTO,11% SOBRE O FATURAMENTO BRUTO, treinamento de colaboradores  apoio de marketing  apoio na operacao da loja,2,1,"a praticidade em forma de contabilidade invista em uma franquia de contabilidade digital conheca a franquia conta4u um negocio inovador 
qualquer pessoa acima dos 18 anos tem perfil para o nosso modelo de negocios ao fazer o cadastro e nosso portal httpsconta4ucombrfranquiasphp  entraremos em contato com o candidato que recebera toda apresentacao  dre e cof conversaremos via whatsapp para agendarmos uma conversa   treinamento de colaboradores  apoio de marketing  apoio na operacao da loja 8211300  servicos combinados de escritorio e apoio administrativo dispensada  "
beetools the language school,13,https://franquias.portaldofranchising.com.br/franquia-beetools-the-language-school/,invista em uma franquia beetools the language school uma rede de escolas de idiomas acesse o portal do franchising e saiba mais,4500.0,40000.0,15,0,25.0,(41) 99124-7575,2,https://www.beetools.com.br,"    residir na regiao ou cidade da unidade
    nao possuir restricoes para constituirparticipar de nova empresa
    poder e ter disposicao para envolverse integralmente diariamente na administracao da unidade franqueada","
1 reuniao com a gestao comercial para apresentacao da modelo de negocios
2 preenchimento de ficha cadastral
3 entrega da circular de oferta de franquia
4 entrega de formulario para busca e preavaliacao de areas adequadas para montagem de uma unidade da rede precontrato opcional
5 assinatura do contrato
6 treinamento inicial e inicio da exploracao de seu negocio",5,27836175000190,1,0,19/05/2017,6203100  desenvolvimento e licenciamento de programas de computador naocustomizaveis,6209100  suporte tecnico manutencao e outros servicos em tecnologia da informacao,1,19/05/2017,de 3 a 30,de 25 a 1000 m²,0,137500.0,50000.0,2% SOBRE O FATURAMENTO BRUTO,0% NÃO COBRA, apoio na escolha do ponto  treinamento de colaboradores  apoio de marketing  apoio na operacao da loja,2,3,"invista em uma franquia beetools the language school uma rede de escolas de idiomas acesse o portal do franchising e saiba mais     residir na regiao ou cidade da unidade
    nao possuir restricoes para constituirparticipar de nova empresa
    poder e ter disposicao para envolverse integralmente diariamente na administracao da unidade franqueada 
1 reuniao com a gestao comercial para apresentacao da modelo de negocios
2 preenchimento de ficha cadastral
3 entrega da circular de oferta de franquia
4 entrega de formulario para busca e preavaliacao de areas adequadas para montagem de uma unidade da rede precontrato opcional
5 assinatura do contrato
6 treinamento inicial e inicio da exploracao de seu negocio  apoio na escolha do ponto  treinamento de colaboradores  apoio de marketing  apoio na operacao da loja 6203100  desenvolvimento e licenciamento de programas de computador naocustomizaveis 6209100  suporte tecnico manutencao e outros servicos em tecnologia da informacao"
br mania,1,https://franquias.portaldofranchising.com.br/franquia-br-mania-conveniencia/,a rede oferece um negocio de loja de conveniencia completa com padaria food service sanduiches e salada alem de cafe para acompanhar muitos dos produtos com os quais a rede trabalha sao de marca propria com um mix que passa dos 150 itens em outras palavras esse e um empreendimento voltado para alimentacao rapida aproveitando os motoristas que passem pelo posto,200000.0,0.0,24,0,1184.0,(21) 4090-1337,2,https://www.vibraenergia.com.br/,,,6,22799174000107,2,2,07/07/2015,,,2,11/09/2019,de 12 a 12,de 100 a 100 m²,0,364971.0,20100.0,1%,3%," apoio na escolha do ponto
 treinamento de colaboradores
 apoio de marketing
 apoio na negociacao com shoppings
 apoio na operacao da loja

",2,3,"a rede oferece um negocio de loja de conveniencia completa com padaria food service sanduiches e salada alem de cafe para acompanhar muitos dos produtos com os quais a rede trabalha sao de marca propria com um mix que passa dos 150 itens em outras palavras esse e um empreendimento voltado para alimentacao rapida aproveitando os motoristas que passem pelo posto    apoio na escolha do ponto
 treinamento de colaboradores
 apoio de marketing
 apoio na negociacao com shoppings
 apoio na operacao da loja

  "
campinas celulares,3,https://franquias.portaldofranchising.com.br/franquia-campinas-celulares/,a campinas celulares conta com um centro de analise de ultima geracao com profissionais certificados e qualificados tenha total seguranca de deixar seu aparelho com quem e especialista na manutencao de celulares smartphones e tablets,120000.0,0.0,10,0,15.0,(19) 99129-2524,2,http://www.campinascelulares.com.br,,,6,21560314000119,2,1,12/12/2014,7740300  gestao de ativos intangiveis naofinanceiros,9511800  reparacao e manutencao de computadores e de equipamentos perifericos,1,12/12/2014,de 0 a 0,de 0 a 0 m²,30000,17500.0,25000.0,½ Salário Mínimo / mês (Base de Cálculo: Salário mínimo vigente),"2,5 Salários Mínimo por mês (Base de Cálculo: salário mínimo vigente)"," apoio na escolha do ponto
 treinamento de colaboradores
 apoio de marketing
 apoio na negociacao com shoppings
 apoio na operacao da loja

",2,1,"a campinas celulares conta com um centro de analise de ultima geracao com profissionais certificados e qualificados tenha total seguranca de deixar seu aparelho com quem e especialista na manutencao de celulares smartphones e tablets    apoio na escolha do ponto
 treinamento de colaboradores
 apoio de marketing
 apoio na negociacao com shoppings
 apoio na operacao da loja

 7740300  gestao de ativos intangiveis naofinanceiros 9511800  reparacao e manutencao de computadores e de equipamentos perifericos"
chef da empada,1,https://franquias.portaldofranchising.com.br/franquia-chef-da-empada/,a chef da empada e uma rede de franquias de salgados especializada em empadas sao mais de 20 sabores do quitute no menu incluindo opcoes salgadas e doces as franquias podem ser instaladas em shopping centers centros comerciais e aeroportos,120000.0,0.0,24,0,48.0,(11) 2229-6511,2,http://www.chefdaempada.com.br,,,11,26378030000120,4,1,18/10/2016,7740300  gestao de ativos intangiveis naofinanceiros,,1,18/10/2016,de 5 a 8,de 6 a 30 m²,0,0,0,0% não cobra,8% sobre compras," apoio na escolha do ponto
 treinamento de colaboradores
 apoio de marketing
 apoio na negociacao com shoppings
 apoio na operacao da loja

",2,3,"a chef da empada e uma rede de franquias de salgados especializada em empadas sao mais de 20 sabores do quitute no menu incluindo opcoes salgadas e doces as franquias podem ser instaladas em shopping centers centros comerciais e aeroportos    apoio na escolha do ponto
 treinamento de colaboradores
 apoio de marketing
 apoio na negociacao com shoppings
 apoio na operacao da loja

 7740300  gestao de ativos intangiveis naofinanceiros "
cheflera,10,https://franquias.portaldofranchising.com.br/franquia-cheflera-saude-beleza-e-bem-estar/,nos da cheflera pesquisamos e desenvolvemos solucoes inovadoras e eficazes em cosmeticos colocamos a tecnologia e o conhecimento adquiridos em anos de estudos cientificos sobre cosmetica de tratamento na formulacao de produtos especificos e adequados as necessidades da pele brasileira todos dermatologicamente testados e aprovados bem como alinhados as ultimas tendencias da cosmetologia mundial,35000.0,0.0,6,0,99.0,(44) 3046-2500,2,https://www.chefleracosmeticos.com,,,5,30728218000128,2,1,18/06/2018,4772500  comercio varejista de cosmeticos produtos de perfumaria e de higiene pessoal dispensada ,4646001  comercio atacadista de cosmeticos e produtos de perfumaria,1,18/06/2018,de 0 a 0,de 0 a 0 m²,22500,0,0,0%,0%," apoio na escolha do ponto
 treinamento de colaboradores
 apoio de marketing
 apoio na negociacao com shoppings
 apoio na operacao da loja

",2,1,"nos da cheflera pesquisamos e desenvolvemos solucoes inovadoras e eficazes em cosmeticos colocamos a tecnologia e o conhecimento adquiridos em anos de estudos cientificos sobre cosmetica de tratamento na formulacao de produtos especificos e adequados as necessidades da pele brasileira todos dermatologicamente testados e aprovados bem como alinhados as ultimas tendencias da cosmetologia mundial    apoio na escolha do ponto
 treinamento de colaboradores
 apoio de marketing
 apoio na negociacao com shoppings
 apoio na operacao da loja

 4772500  comercio varejista de cosmeticos produtos de perfumaria e de higiene pessoal dispensada  4646001  comercio atacadista de cosmeticos e produtos de perfumaria"
chiquinho sorvetes,1,https://franquias.portaldofranchising.com.br/franquia-chiquinho-sorvetes/,com mais de 600 unidades espalhadas por todo o pais a chiquinho se consolidou como a maior rede de sorveterias do brasil nossos franqueados confiam na estrutura da franqueadora e expandem cada vez mais seus negocios,320000.0,0.0,18,0,668.0,(17) 3211-8200,2,https://www.chiquinho.com.br,,,11,1049312000152,2,2,-,,,0,-,de 6 a 12,de 25 a 150 m²,65000,295000.0,52500.0,2% sobre o faturamento bruto,5% sobre o faturamento bruto," apoio na escolha do ponto
 treinamento de colaboradores
 apoio de marketing
 apoio na negociacao com shoppings
 apoio na operacao da loja

",1,3,"com mais de 600 unidades espalhadas por todo o pais a chiquinho se consolidou como a maior rede de sorveterias do brasil nossos franqueados confiam na estrutura da franqueadora e expandem cada vez mais seus negocios    apoio na escolha do ponto
 treinamento de colaboradores
 apoio de marketing
 apoio na negociacao com shoppings
 apoio na operacao da loja

  "
constance,9,https://franquias.portaldofranchising.com.br/franquia-constance-acessorios-pessoais-e-calcados/,a marca constance foi criada com o intuito de proporcionar uma nova experiencia para mulheres apaixonadas por sapatos sofisticados e confortaveis que expressam sua personalidade nossos sapatos expressam personalidade e sofisticacao com temas diversos a cada ano sao lancadas duas novas colecoes com as tendencias das estacoes outonoinverno e primaveraverao nosso objetivo e superar as expectativas de nossos clientes com um bom atendimento comprometimento de suas necessidades e proporcionar produtos confortaveis bonitos e de boa durabilidade,360000.0,0.0,30,0,192.0,(31) 3238-4130,2,https://www.constance.com.br/seja-um-franqueado/,,,3,16807090000167,2,2,05/09/2012,,,3,13/04/2021,de 3 a 8,de 100 a 150 m²,230000,0,70000.0,Taxa de Propaganda: 3% sobre compras,Taxa de Royalties: 14% sobre compras," apoio na escolha do ponto
 treinamento de colaboradores
 apoio de marketing
 apoio na negociacao com shoppings
 apoio na operacao da loja

",1,2,"a marca constance foi criada com o intuito de proporcionar uma nova experiencia para mulheres apaixonadas por sapatos sofisticados e confortaveis que expressam sua personalidade nossos sapatos expressam personalidade e sofisticacao com temas diversos a cada ano sao lancadas duas novas colecoes com as tendencias das estacoes outonoinverno e primaveraverao nosso objetivo e superar as expectativas de nossos clientes com um bom atendimento comprometimento de suas necessidades e proporcionar produtos confortaveis bonitos e de boa durabilidade    apoio na escolha do ponto
 treinamento de colaboradores
 apoio de marketing
 apoio na negociacao com shoppings
 apoio na operacao da loja

  "
antilhas embalagens,12,-,a antilhas e uma das maiores industrias do mercado de embalagens em papel cartao e plastico flexivel ha mais de 25 anos se dedica a oferecer produtos e solucoes que viabilizam ganhos economicos aos seus clientes despontando da concorrencia a antilhas possui um braco especializado em inovacao utilizando elementos que agregam valor a embalagem a companhia investe constantemente em pesquisa e desenvolvimento infraestrutura e qualidade para se manter na vanguarda das novas tecnologias sao mais de 12 mil pontos de venda atendidos e industrias em todas as regioes do brasil nos segmentos de cosmeticos perfumaria e higiene pessoal vestuario calcados e acessorios alimentos e bebidas papel e papelaria grande varejo eletroeletronico telefonia e outros,0.0,0.0,0,0,-,(11) 4152-1100,2,http://www.antilhas.com.br/,,,11,2096748000165,2,0,14/08/1997,1731100  fabricacao de embalagens de papel,1813099  impressao de material para outros usos 1821100  servicos de preimpressao 1822999  servicos de acabamentos graficos exceto encadernacao e plastificacao 3292202  fabricacao de equipamentos e acessorios para seguranca pessoal e profissional 4729699  comercio varejista de produtos alimenticios em geral ou especializado em produtos alimenticios nao especificados anteriormente 4772500  comercio varejista de cosmeticos produtos de perfumaria e de higiene pessoal 4930202  transporte rodoviario de carga exceto produtos perigosos e mudancas intermunicipal interestadual e internacional 5212500  carga e descarga 5250804  organizacao logistica do transporte de carga 7319099  outras atividades de publicidade nao especificadas anteriormente 8292000  envasamento e empacotamento sob contrato 8299799  outras atividades de servicos prestados principalmente as empresas nao especificadas anteriormente,1,03/11/2005,-,-,0,0,0,-,-,,0,0,a antilhas e uma das maiores industrias do mercado de embalagens em papel cartao e plastico flexivel ha mais de 25 anos se dedica a oferecer produtos e solucoes que viabilizam ganhos economicos aos seus clientes despontando da concorrencia a antilhas possui um braco especializado em inovacao utilizando elementos que agregam valor a embalagem a companhia investe constantemente em pesquisa e desenvolvimento infraestrutura e qualidade para se manter na vanguarda das novas tecnologias sao mais de 12 mil pontos de venda atendidos e industrias em todas as regioes do brasil nos segmentos de cosmeticos perfumaria e higiene pessoal vestuario calcados e acessorios alimentos e bebidas papel e papelaria grande varejo eletroeletronico telefonia e outros    1731100  fabricacao de embalagens de papel 1813099  impressao de material para outros usos 1821100  servicos de preimpressao 1822999  servicos de acabamentos graficos exceto encadernacao e plastificacao 3292202  fabricacao de equipamentos e acessorios para seguranca pessoal e profissional 4729699  comercio varejista de produtos alimenticios em geral ou especializado em produtos alimenticios nao especificados anteriormente 4772500  comercio varejista de cosmeticos produtos de perfumaria e de higiene pessoal 4930202  transporte rodoviario de carga exceto produtos perigosos e mudancas intermunicipal interestadual e internacional 5212500  carga e descarga 5250804  organizacao logistica do transporte de carga 7319099  outras atividades de publicidade nao especificadas anteriormente 8292000  envasamento e empacotamento sob contrato 8299799  outras atividades de servicos prestados principalmente as empresas nao especificadas anteriormente
ara moveis,2,-,situada na cidade de arapongas no norte do parana a aramoveis foi fundada em 10 de outubro de 1973 atuamos no setor moveleiro produzindo roupeiros e cozinhas geramos cerca de 500 empregos diretos e indiretos contamos com 88 mil m2 de area total e um parque fabril com 33 mil m2 nesses quarenta e quatro anos temos buscado aprimorar a qualidade do nossos produtos investindo na capacitacao de nossa equipe utilizamos materias primas de reflorestamento e todo residuo industrial e descartado adequadamente tornando a producao mais sustentavel o nosso principal objetivo e satisfazer as necessidades do nosso publico consumidor com eficiencia e eficacia apresentando produtos com design qualidade e inovacao,0.0,0.0,0,0,-,-,2,http://aramoveis.com.br/br,,,11,23729891000117,4,1,25/11/2015,3101200  fabricacao de moveis com predominancia de madeira,3329501  servicos de montagem de moveis de qualquer material,1,25/11/2015,-,-,0,0,0,-,-,,0,0,situada na cidade de arapongas no norte do parana a aramoveis foi fundada em 10 de outubro de 1973 atuamos no setor moveleiro produzindo roupeiros e cozinhas geramos cerca de 500 empregos diretos e indiretos contamos com 88 mil m2 de area total e um parque fabril com 33 mil m2 nesses quarenta e quatro anos temos buscado aprimorar a qualidade do nossos produtos investindo na capacitacao de nossa equipe utilizamos materias primas de reflorestamento e todo residuo industrial e descartado adequadamente tornando a producao mais sustentavel o nosso principal objetivo e satisfazer as necessidades do nosso publico consumidor com eficiencia e eficacia apresentando produtos com design qualidade e inovacao    3101200  fabricacao de moveis com predominancia de madeira 3329501  servicos de montagem de moveis de qualquer material
arezzo  co,9,https://franquias.portaldofranchising.com.br/franquia-arezzo-acessorios-pessoais-e-calcados/, ideal para cidades a partir de 300 mil habitantes a arezzo e referencia no segmento de bolsas e calcados e e uma das marcas mais consumidas no pais ha 47 anos no mercado e com mais de 420 lojas marca presenca em todos os estados brasileiros para manter o posto no top of mind brasileiro a marca atende a diferentes perfis e faixas etarias de consumidoras com um mix diversificado de produtos entrega variedade de escolha para diferentes tipos de clientes acompanhando as tendencias do mercado da moda   ,475000.0,0.0,36,0,451.0,(11) 2132-4300,2,https://www.arezzo.com.br/,,,6,16590234000176,0,0,14/09/1972,4643501  comercio atacadista de calcados,,1,03/11/2005,de 5 a 5,de 40 a 40 m²,190000,0,40000.0,0%,0%," apoio na escolha do ponto
 treinamento de colaboradores
 apoio de marketing
 apoio na negociacao com shoppings
 apoio na operacao da loja

",1,2," ideal para cidades a partir de 300 mil habitantes a arezzo e referencia no segmento de bolsas e calcados e e uma das marcas mais consumidas no pais ha 47 anos no mercado e com mais de 420 lojas marca presenca em todos os estados brasileiros para manter o posto no top of mind brasileiro a marca atende a diferentes perfis e faixas etarias de consumidoras com um mix diversificado de produtos entrega variedade de escolha para diferentes tipos de clientes acompanhando as tendencias do mercado da moda       apoio na escolha do ponto
 treinamento de colaboradores
 apoio de marketing
 apoio na negociacao com shoppings
 apoio na operacao da loja

 4643501  comercio atacadista de calcados "
aw contabil,12,-,auxiliamos no planejamento na documentacao e fornecemos toda a assessoria contabil que sua empresa precisa para se tornar uma franquia,0.0,0.0,0,0,-,(11) 94481-5122,2,https://www.awcontabil.com.br/,,,11,3690154000140,3,0,13/03/2000,6920601  atividades de contabilidade,nao informada,1,03/11/2005,-,-,0,0,0,-,-,,0,0,auxiliamos no planejamento na documentacao e fornecemos toda a assessoria contabil que sua empresa precisa para se tornar uma franquia    6920601  atividades de contabilidade nao informada
5 a sec,8,https://franquias.portaldofranchising.com.br/franquia-5asec-lavanderias/,invista em uma franquia 5 a sec e faca parte da rede lider em lavanderias no mundo confira mais informacoes no portal do franchising,80000.0,0.0,24,0,-,(11) 4197-6400,2,https://www.5asec.com.br/,pacote office comunicacao nocoes de gestao administracao,questionario viabilidade financeira entrevistas,6,2004055000103,2,1,-,,,0,-,de 1 a 6,de 40 a 90 m²,65000,162500.0,32500.0,2% FATURAMENTO BRUTO,5% FATURAMENTO BRUTO," apoio na escolha do ponto
 treinamento de colaboradores
 apoio de marketing
 apoio na negociacao com shoppings
 apoio na operacao da loja

",2,3,"invista em uma franquia 5 a sec e faca parte da rede lider em lavanderias no mundo confira mais informacoes no portal do franchising pacote office comunicacao nocoes de gestao administracao questionario viabilidade financeira entrevistas  apoio na escolha do ponto
 treinamento de colaboradores
 apoio de marketing
 apoio na negociacao com shoppings
 apoio na operacao da loja

  "
a fabrica de vendas,12,-,criamos a fabrica de vendas para ajudar nossos clientes a venderem mais melhor e por mais tempo fabricamos vendas desde 2004 atendendo empresas de todos os segmentos no brasil america latina eua europa africa e asia foram 600 clientes atendidos pela a fabrica de vendas em 2900 projetos sendo que ao menos 300 dos nossos clientes ja estiveram entre as 500 maiores empresas do brasil na lista da forbes ate 2020 nossa expertise e consultoria e diferenciada para geracao de leads transformacao digital comercial aceleracao de vendas e formatacao de franquias temos diversas iniciativas no universo digital e a credibilidade de sermos lideres de mercado em inovacao criativa respirar vendas e uma questao de sobrevivencia empresarialagende agora mesmo uma reuniao e saiba como podemos gerar mais resultados para a sua empresa,0.0,0.0,0,0,-,(11) 99203-5677,2,https://www.afabricadevendas.com.br/,empreendedores com foco em business trabalho em equipe velocidade e direcao reconhecimento e positividade,,11,33046851000124,4,0,15/03/2019,,,3,09/02/2022,-,-,0,0,0,-,-,,0,0,criamos a fabrica de vendas para ajudar nossos clientes a venderem mais melhor e por mais tempo fabricamos vendas desde 2004 atendendo empresas de todos os segmentos no brasil america latina eua europa africa e asia foram 600 clientes atendidos pela a fabrica de vendas em 2900 projetos sendo que ao menos 300 dos nossos clientes ja estiveram entre as 500 maiores empresas do brasil na lista da forbes ate 2020 nossa expertise e consultoria e diferenciada para geracao de leads transformacao digital comercial aceleracao de vendas e formatacao de franquias temos diversas iniciativas no universo digital e a credibilidade de sermos lideres de mercado em inovacao criativa respirar vendas e uma questao de sobrevivencia empresarialagende agora mesmo uma reuniao e saiba como podemos gerar mais resultados para a sua empresa empreendedores com foco em business trabalho em equipe velocidade e direcao reconhecimento e positividade    
acqio,12,https://franquias.portaldofranchising.com.br/franquia-acqio-comunicacao/,invista em uma franquia acqio empresa brasileira de tecnologia que atua no mercado de meios de pagamento eletronico acesse ja o portal do franchising,0.0,0.0,0,0,-,(11) 98953-7390,0,https://acqio.com.br/franquias/,,questionario experiencia profissional disponibilidade e regiao,11,33189282000176,1,0,29/03/2019,6619399  outras atividades auxiliares dos servicos financeiros nao especificadas anteriormente,6203100  desenvolvimento e licenciamento de programas de computador naocustomizaveis,1,29/03/2019,de 1 a 2,de 0 a 0 m²,3500,0.0,6900.0,0% não cobra,0% R$ 477 fixo mensal," apoio na escolha do ponto
 treinamento de colaboradores
 apoio de marketing
 apoio na negociacao com shoppings
 apoio na operacao da loja

",0,0,"invista em uma franquia acqio empresa brasileira de tecnologia que atua no mercado de meios de pagamento eletronico acesse ja o portal do franchising  questionario experiencia profissional disponibilidade e regiao  apoio na escolha do ponto
 treinamento de colaboradores
 apoio de marketing
 apoio na negociacao com shoppings
 apoio na operacao da loja

 6619399  outras atividades auxiliares dos servicos financeiros nao especificadas anteriormente 6203100  desenvolvimento e licenciamento de programas de computador naocustomizaveis"
ad clinic estetica e bemestar,12,https://franquias.portaldofranchising.com.br/franquia-ad-clinic-estetica-e-bem-estar/,invista em uma franquia ad clinic estetica e bem estar uma rede de clinicas de estetica no portal do franchising voce confere as vantagens do franqueado,225000.0,0.0,18,150000,106.0,(41) 99978-1541,2,https://adclinic.com.br/,,,5,33029466000179,2,2,14/03/2019,7740300  gestao de ativos intangiveis naofinanceiros,4669999  comercio atacadista de outras maquinas e equipamentos nao especificados anteriormente partes e pecas,1,14/03/2019,de 4 a 15,-,0,236344.0,100000.0,VARIÁVEL,VARIÁVEL SOBRE FATURAMENTO BRUTO,,2,3,invista em uma franquia ad clinic estetica e bem estar uma rede de clinicas de estetica no portal do franchising voce confere as vantagens do franqueado    7740300  gestao de ativos intangiveis naofinanceiros 4669999  comercio atacadista de outras maquinas e equipamentos nao especificados anteriormente partes e pecas
af credito solucoes financeiras,12,https://franquias.portaldofranchising.com.br/franquia-af-credito-solucoes-financeiras/,invista com seguranca no mercado de solucoes financeiras conheca agora a franquia af credito solucoes financeiras um negocio de baixo investimento,22000.0,0.0,3,0,49.0,(17) 3212-5929,1,https://afcredito.com.br/,"espirito empreendedor

dedicacao total ao negocio

dinamicoa e versatil

facilidade em criar network

flexibilidade para aceitar as orientacoes da franqueadora

habilidade comercial

habilidade em gestao e negociacao",formulario atendimento personalizado visita a rede e assinatura de contrato,6,10508639000136,4,2,28/11/2008,,,2,10/07/2020,-,-,0,0,0,-,-,,2,1,"invista com seguranca no mercado de solucoes financeiras conheca agora a franquia af credito solucoes financeiras um negocio de baixo investimento espirito empreendedor

dedicacao total ao negocio

dinamicoa e versatil

facilidade em criar network

flexibilidade para aceitar as orientacoes da franqueadora

habilidade comercial

habilidade em gestao e negociacao formulario atendimento personalizado visita a rede e assinatura de contrato   "
franquia aramis mensawear,9,https://franquias.portaldofranchising.com.br/franquia-aramis-mensawear/,moda masculina moderna e sofisticada e sua primeira loja foi inaugurada no shopping iguatemi em sao paulo um dos mais concorridos espacos de moda do pais,660000.0,0.0,18,0,86.0,(11) 4380-1600,2,https://www.aramis.com.br/,,"alinhamento de expectativas analise do perfil do candidato entrevista com a areas da empresa
analise da praca desejada estudo de viabilidade escolha do ponto comercial
analise da documentacao comprovacao do valor do investimento
emissao da cof pre contrato e contrato",8,10198730000100,4,2,23/07/2008,,,3,05/01/2022,-,-,0,0,0,-,-,,1,3,"moda masculina moderna e sofisticada e sua primeira loja foi inaugurada no shopping iguatemi em sao paulo um dos mais concorridos espacos de moda do pais  alinhamento de expectativas analise do perfil do candidato entrevista com a areas da empresa
analise da praca desejada estudo de viabilidade escolha do ponto comercial
analise da documentacao comprovacao do valor do investimento
emissao da cof pre contrato e contrato   "
bar do urso,1,https://franquias.portaldofranchising.com.br/franquia-bar-do-urso/,invista em uma franquia bar do urso uma rede de cervejarias acesse ja o portal do franchising e confira as vantagens do franqueado,220000.0,0.0,24,70000,21.0,(11) 99605-8840,2,https://www.cervejariacolorado.com.br/franquia/index?utm_source=portaldofranchising&utm_medium=minisite&utm_campaign=cata-franqueado,"a desejavel experiencia ou entusiasmo com o ramo de bares e restaurantes 

b predisposicao em seguir os padroes e diretrizes ditados pela franqueadora 

c dedicacao ao empreendimento e disponibilidade para exercela pessoalmente 

d possuir regularizada toda documentacao solicitadas pela franqueadora 

e ter consciencia de que o modelo de franquia e um negocio proprio com maturacao de medio prazo e com os riscos inerentes a implantacao de qualquer atividade empresarial 

f investimento  e fundamental que o candidato tenha capital disponivel nao so para a montagem de seu negocio pagamento da taxa de franquia compra do estoque inicial e demais despesas indispensaveis para tal descritas na presente circular mas tambem para manter o negocio em funcionamento ate que este apresente receita suficiente para atingir seu ponto de equilibrio ou seja pagar suas despesas com suas proprias receitas","conheca abaixo quais sao as etapas do processo de selecao da franquia bar do urso

apos recebimento do cadastro entramos em contato com o candidato por email e enviamos  todas as informacoes pertinentes ao negocio junto com o material vai tbm a ficha de interesse que nao representa compromisso e e confidencial com ela temos a oportunidade de agendar a primeira reuniao de apresentacao do negocio dos numeros e esclarecimento das duvidas 

apos essa etapa existe analise de cof e demais etapas de analise do candidato e tbm da franqueadora da documentacao e perfil do interessado

havendo a aprovacao das partes seguimos para busca de ponto comercial cujo suporte oferecemos",11,32083873000100,2,1,23/11/2018,5611203  lanchonetes casas de cha de sucos e similares,4789099  comercio varejista de outros produtos nao especificados anteriormente,1,23/11/2018,de 0 a 0,nde 10 a 34 m²,45000,0.0,60000.0,2% do Volume Ambev,30% do Volume Ambev, apoio na escolha do ponto  treinamento de colaboradores  apoio de marketing  apoio na negociacao com shoppings  apoio na operacao da loja,2,3,"invista em uma franquia bar do urso uma rede de cervejarias acesse ja o portal do franchising e confira as vantagens do franqueado a desejavel experiencia ou entusiasmo com o ramo de bares e restaurantes 

b predisposicao em seguir os padroes e diretrizes ditados pela franqueadora 

c dedicacao ao empreendimento e disponibilidade para exercela pessoalmente 

d possuir regularizada toda documentacao solicitadas pela franqueadora 

e ter consciencia de que o modelo de franquia e um negocio proprio com maturacao de medio prazo e com os riscos inerentes a implantacao de qualquer atividade empresarial 

f investimento  e fundamental que o candidato tenha capital disponivel nao so para a montagem de seu negocio pagamento da taxa de franquia compra do estoque inicial e demais despesas indispensaveis para tal descritas na presente circular mas tambem para manter o negocio em funcionamento ate que este apresente receita suficiente para atingir seu ponto de equilibrio ou seja pagar suas despesas com suas proprias receitas conheca abaixo quais sao as etapas do processo de selecao da franquia bar do urso

apos recebimento do cadastro entramos em contato com o candidato por email e enviamos  todas as informacoes pertinentes ao negocio junto com o material vai tbm a ficha de interesse que nao representa compromisso e e confidencial com ela temos a oportunidade de agendar a primeira reuniao de apresentacao do negocio dos numeros e esclarecimento das duvidas 

apos essa etapa existe analise de cof e demais etapas de analise do candidato e tbm da franqueadora da documentacao e perfil do interessado

havendo a aprovacao das partes seguimos para busca de ponto comercial cujo suporte oferecemos  apoio na escolha do ponto  treinamento de colaboradores  apoio de marketing  apoio na negociacao com shoppings  apoio na operacao da loja 5611203  lanchonetes casas de cha de sucos e similares 4789099  comercio varejista de outros produtos nao especificados anteriormente"
bittencourt inteligencia em redes de negocios,12,-,consultoria com mais de 3 decadas de mercado especializada no desenvolvimento gestao e expansao de redes de negocios e franquias surgiu com a missao de contribuir com o crescimento das redes de negocios e franquias de forma que as empresas assistidas tenham crescimento sustentavel sejam lucrativas gerem empregos e contribuam com o desenvolvimento da comunidade onde estao inseridas hoje consolidado como uma plataforma de produtos e servicos diversos atua junto a industria no varejo e no franchising como um dos maiores especialistas em expansao de negocios em diversos segmentos,0.0,0.0,0,0,-,-,2,https://bittencourtconsultoria.com.br/,,,10,1706365000107,1,0,30/12/1985,7020400  atividades de consultoria em gestao empresarial exceto consultoria tecnica especifica,5811500  edicao de livros 6391700  agencias de noticias 6911703  agente de propriedade industrial 7320300  pesquisas de mercado e de opiniao publica 8230001  servicos de organizacao de feiras congressos exposicoes e festas 8599604  treinamento em desenvolvimento profissional e gerencial,1,04/12/2004,-,-,0,0,0,-,-,,0,0,consultoria com mais de 3 decadas de mercado especializada no desenvolvimento gestao e expansao de redes de negocios e franquias surgiu com a missao de contribuir com o crescimento das redes de negocios e franquias de forma que as empresas assistidas tenham crescimento sustentavel sejam lucrativas gerem empregos e contribuam com o desenvolvimento da comunidade onde estao inseridas hoje consolidado como uma plataforma de produtos e servicos diversos atua junto a industria no varejo e no franchising como um dos maiores especialistas em expansao de negocios em diversos segmentos    7020400  atividades de consultoria em gestao empresarial exceto consultoria tecnica especifica 5811500  edicao de livros 6391700  agencias de noticias 6911703  agente de propriedade industrial 7320300  pesquisas de mercado e de opiniao publica 8230001  servicos de organizacao de feiras congressos exposicoes e festas 8599604  treinamento em desenvolvimento profissional e gerencial
brewtainer,12,-,venda e locacao de bar container pronto para uso modelos personalizados com camara fria torneiras de chopp balcao e expositor produzidos a partir de containers maritimos reutilizados,0.0,0.0,0,0,-,-,2,https://brewtainer.com.br/,,,11,37593982000182,2,2,02/07/2020,5611205  bares e outros estabelecimentos especializados em servir bebidas com entretenimento,4663000  comercio atacadista de maquinas e equipamentos para uso industrial partes e pecas,1,02/07/2020,-,-,0,0,0,-,-,,0,0,venda e locacao de bar container pronto para uso modelos personalizados com camara fria torneiras de chopp balcao e expositor produzidos a partir de containers maritimos reutilizados    5611205  bares e outros estabelecimentos especializados em servir bebidas com entretenimento 4663000  comercio atacadista de maquinas e equipamentos para uso industrial partes e pecas
bten,12,-,a bten foi criada para ajudar empresas a se comunicarem melhor com seus clientes desse modo criamos um sistema onde nosso cliente pode rastrear facilmente a satisfacao de seus clientes e as taxas de reputacao online,0.0,0.0,0,0,-,-,0,https://www.bten.com.br/,,,11,34028077000191,2,2,25/06/2019,6201501  desenvolvimento de programas de computador sob encomenda,6203100  desenvolvimento e licenciamento de programas de computador naocustomizaveis,1,25/06/2019,-,-,0,0,0,-,-,,0,0,a bten foi criada para ajudar empresas a se comunicarem melhor com seus clientes desse modo criamos um sistema onde nosso cliente pode rastrear facilmente a satisfacao de seus clientes e as taxas de reputacao online    6201501  desenvolvimento de programas de computador sob encomenda 6203100  desenvolvimento e licenciamento de programas de computador naocustomizaveis
btg pactual,12,-,temos como proposito gerar valor substancial nas empresas que investimos por meio do crescimento organico e inorganico explorando diversas oportunidades do mercado,0.0,0.0,0,0,-,-,2,https://www.btgpactual.com/,,,11,30306294000145,0,0,05/06/1979,6422100  bancos multiplos com carteira comercial,,1,03/11/2005,-,-,0,0,0,-,-,,0,0,temos como proposito gerar valor substancial nas empresas que investimos por meio do crescimento organico e inorganico explorando diversas oportunidades do mercado    6422100  bancos multiplos com carteira comercial 
dumond,9,https://franquias.portaldofranchising.com.br/franquia-dumond-calcados/,conheca a franquia dumond rede especializada em sapatos femininos e no mercado desde 1994 um projeto de sucesso que merece atencao especial,365000.0,0.0,20,0,14.0,(11) 95223-6729,2,https://www.dumond.com.br/,"
1  disponibilidade financeira para realizar o investimento
 
2  identificacao com o mercado de moda
 
3  dinamismo e espirito empreendedor
 
4  dedicacao ao negocio
 
5  facilidade no relacionamento interpessoal
 
6  capacidade de execucao do modelo de operacao dumond ou capodarte
 
7  identificacao com vendas","1  avaliacao da disponibilidade e do potencial de vendas da praca
 
2  preenchimento da ficha de pre qualificacao e analise do curriculo do candidato
 
3  apresentacao do negocio custos envolvidos na implantacao e detalhamento do investimento
 
4  aprovacao financeira do candidato
 
5  visita a franqueadora para realizar entrevista com rh estilo produto marketing e financeiro
 
6  analise do comite para aprovacao do candidato",0,1098983000103,2,0,20/03/1996,1531901  fabricacao de calcados de couro,1533500  fabricacao de calcados de material sintetico,1,16/10/2004,de 8 a 8,de 50 a 50 m²,0,470000.0,100000.0,0% PERCENTUAL SOBRE COMPRAS,45%," apoio na escolha do ponto
 treinamento de colaboradores
 apoio de marketing
 apoio na negociacao com shoppings
 apoio na operacao da loja

",1,3,"conheca a franquia dumond rede especializada em sapatos femininos e no mercado desde 1994 um projeto de sucesso que merece atencao especial 
1  disponibilidade financeira para realizar o investimento
 
2  identificacao com o mercado de moda
 
3  dinamismo e espirito empreendedor
 
4  dedicacao ao negocio
 
5  facilidade no relacionamento interpessoal
 
6  capacidade de execucao do modelo de operacao dumond ou capodarte
 
7  identificacao com vendas 1  avaliacao da disponibilidade e do potencial de vendas da praca
 
2  preenchimento da ficha de pre qualificacao e analise do curriculo do candidato
 
3  apresentacao do negocio custos envolvidos na implantacao e detalhamento do investimento
 
4  aprovacao financeira do candidato
 
5  visita a franqueadora para realizar entrevista com rh estilo produto marketing e financeiro
 
6  analise do comite para aprovacao do candidato  apoio na escolha do ponto
 treinamento de colaboradores
 apoio de marketing
 apoio na negociacao com shoppings
 apoio na operacao da loja

 1531901  fabricacao de calcados de couro 1533500  fabricacao de calcados de material sintetico"
central do franqueado,0,-,sistema de gestao de franquias,0.0,0.0,0,0,-,-,0,https://centraldofranqueado.com.br/,,,7,21102007000194,2,2,23/09/2014,6319400  portais provedores de conteudo e outros servicos de informacao na internet,,1,23/09/2014,-,-,0,0,0,-,-,,0,0,sistema de gestao de franquias    6319400  portais provedores de conteudo e outros servicos de informacao na internet 
clinicorp,12,-,conte com o mais completo sistema de gestao para clinicas de estetica e atraves da automatizacao de processos voce conseguira aproveitar as melhores oportunidades de crescimento do seu negocio,0.0,0.0,0,0,-,-,0,https://www.clinicorp.com/,,,9,26831833000198,1,0,09/01/2017,6311900  tratamento de dados provedores de servicos de aplicacao e servicos de hospedagem na internet,6202300  desenvolvimento e licenciamento de programas de computador customizaveis,1,09/01/2017,-,-,0,0,0,-,-,,0,0,conte com o mais completo sistema de gestao para clinicas de estetica e atraves da automatizacao de processos voce conseguira aproveitar as melhores oportunidades de crescimento do seu negocio    6311900  tratamento de dados provedores de servicos de aplicacao e servicos de hospedagem na internet 6202300  desenvolvimento e licenciamento de programas de computador customizaveis
grupo acolher  cuidar,10,https://franquias.portaldofranchising.com.br/franquia-grupo-acolher-cuidar/,atuamos no paciente com necessidades de atencao de pequena a alta complexidade com enfase na recuperacao e qualidade de vida em ambito domiciliar hospitalar e em viagens ,77000.0,0.0,0,0,1.0,(61) 3033-1727,2,https://www.grupoacolherecuidar.com.br/,,,1,29177983000118,2,2,30/11/2017,8712300  atividades de fornecimento de infraestrutura de apoio e assistencia a paciente no domicilio,7739002  aluguel de equipamentos cientificos medicos e hospitalares sem operador,1,30/11/2017,-,-,0,0,0,-,-,,2,0,atuamos no paciente com necessidades de atencao de pequena a alta complexidade com enfase na recuperacao e qualidade de vida em ambito domiciliar hospitalar e em viagens     8712300  atividades de fornecimento de infraestrutura de apoio e assistencia a paciente no domicilio 7739002  aluguel de equipamentos cientificos medicos e hospitalares sem operador
bobs,1,https://franquias.portaldofranchising.com.br/franquia-bobs-valor/,quanto e uma franquia do bobs veja essa e outras informacoes sobre uma das mais tradicionais e queridas franquias brasileiras ,502000.0,0.0,18,0,997.0,(11) 99165-8570,2,https://bobs.com.br/seja-um-franqueado?utm_source=portaldofranchising&utm_medium=minisite&utm_campaign=cata-franqueado, comprometimento administrativo disponibilidade para envolverse diretamente com a operacao da sua franquia conhecimento e experiencia profissional em atividades administrativas proatividade e bom relacionamento interpessoal disponibilidade financeira para investimento pelo menos 25 anos de idade preferencialmente residencia proxima ao local em que pretende abrir seu ponto comercial, cadastrarse pelo site ou portais de franquia  recebimento da apresentacao da franquia e ficha de prequalificacao  envio da ficha de prequalificacao preenchida  reuniao na matriz  estagio em loja test drive  mesa redonda e recebimento de oferta de franquia cof se aprovado de franquia ocf  entrega de documentacao  assinatura do contrato e pagamento da taxa de franquia  busca pelo ponto comercial,6,71833552000129,2,0,24/06/1993,5611203  lanchonetes casas de cha de sucos e similares,4729699  comercio varejista de produtos alimenticios em geral ou especializado em produtos alimenticios nao especificados anteriormente,1,25/09/2019,de 5 a 30,de 55 a 375 m²,180000,1048750.0,75000.0,4% sobre vendas brutas,6% sobre vendas brutas," apoio na escolha do ponto
 treinamento de colaboradores
 apoio de marketing
 apoio na negociacao com shoppings
 apoio na operacao da loja

",1,3,"quanto e uma franquia do bobs veja essa e outras informacoes sobre uma das mais tradicionais e queridas franquias brasileiras   comprometimento administrativo disponibilidade para envolverse diretamente com a operacao da sua franquia conhecimento e experiencia profissional em atividades administrativas proatividade e bom relacionamento interpessoal disponibilidade financeira para investimento pelo menos 25 anos de idade preferencialmente residencia proxima ao local em que pretende abrir seu ponto comercial  cadastrarse pelo site ou portais de franquia  recebimento da apresentacao da franquia e ficha de prequalificacao  envio da ficha de prequalificacao preenchida  reuniao na matriz  estagio em loja test drive  mesa redonda e recebimento de oferta de franquia cof se aprovado de franquia ocf  entrega de documentacao  assinatura do contrato e pagamento da taxa de franquia  busca pelo ponto comercial  apoio na escolha do ponto
 treinamento de colaboradores
 apoio de marketing
 apoio na negociacao com shoppings
 apoio na operacao da loja

 5611203  lanchonetes casas de cha de sucos e similares 4729699  comercio varejista de produtos alimenticios em geral ou especializado em produtos alimenticios nao especificados anteriormente"
casagroup,1,https://franquias.portaldofranchising.com.br/franquia-casagroup/,somos a unica multinacional de franquias de vending machines um negocio que revolucionou o varejo offline nesse novo normal franquia casagroup,50990.0,0.0,18,0,2.0,(11) 3579-8600,2,https://casagroupvm.com/?utm_source=portaldofranchising&utm_medium=minisite&utm_campaign=cata-franqueado, empreendedor ou segunda renda com microfranquias da casagroup, agendamento de entrevista com o candidato pessoalonline  ficha cadastral de interesse  cof  pre contrato  contrato,11,10821818000129,2,2,09/04/2009,4789099  comercio varejista de outros produtos nao especificados anteriormente,4729699  comercio varejista de produtos alimenticios em geral ou especializado em produtos alimenticios nao especificados anteriormente,1,09/04/2009,-,-,0,0,0,-,-,,2,3,somos a unica multinacional de franquias de vending machines um negocio que revolucionou o varejo offline nesse novo normal franquia casagroup  empreendedor ou segunda renda com microfranquias da casagroup  agendamento de entrevista com o candidato pessoalonline  ficha cadastral de interesse  cof  pre contrato  contrato  4789099  comercio varejista de outros produtos nao especificados anteriormente 4729699  comercio varejista de produtos alimenticios em geral ou especializado em produtos alimenticios nao especificados anteriormente
agxt,7,https://franquias.portaldofranchising.com.br/franquia-agaxtur/,,300000.0,0.0,0,0,56.0,(11) 3067-0900,2,http://www.agaxturviagens.com.br/?utm_source=portaldofranchising&utm_medium=minisite,,,11,35689106000129,2,0,03/12/2019,7740300  gestao de ativos intangiveis naofinanceiros,,1,03/12/2019,-,-,0,0,0,-,-,,2,0,    7740300  gestao de ativos intangiveis naofinanceiros 
am pm,1,https://franquias.portaldofranchising.com.br/franquia-am-pm-mini-market-conveniencia/,maior rede de franquia de alimentacao saudavel do brasil sao 5 modelos de negocio com investimento a partir de r 90mil ate mais de r 600mil,270000.0,0.0,27,0,1841.0,(11) 3429-4305,2,http://www.ipiranga.com.br/?utm_source=portaldofranchising&utm_medium=minisite,,,6,40299810000105,2,0,09/09/1991,4639701  comercio atacadista de produtos alimenticios em geral,4530701  comercio por atacado de pecas e acessorios novos para veiculos automotores,1,03/11/2005,de 15 a 15,de 125 a 125 m²,0,278250.0,22000.0,1%,6%, apoio na escolha do ponto  treinamento de colaboradores  apoio de marketing  apoio na negociacao com shoppings  apoio na operacao da loja,2,2,maior rede de franquia de alimentacao saudavel do brasil sao 5 modelos de negocio com investimento a partir de r 90mil ate mais de r 600mil    apoio na escolha do ponto  treinamento de colaboradores  apoio de marketing  apoio na negociacao com shoppings  apoio na operacao da loja 4639701  comercio atacadista de produtos alimenticios em geral 4530701  comercio por atacado de pecas e acessorios novos para veiculos automotores
american cookies,1,https://franquias.portaldofranchising.com.br/franquia-american-cookies/,a american cookies possui a receita exclusiva do amor sem perder a qualidade da producao artesanal com ingredientes selecionados e premiuns o resultado e um incomparavel cookie levemente crocante por fora macio por dentro e com recheios de sabores inesqueciveis alem de um delicioso chocolate que derrete na boca a opcao perfeita para uma guloseima genuinamente americana,144900.0,0.0,24,0,27.0,(61) 99279-0343,2,https://amcookies.com.br/?utm_source=portaldofranchising&utm_medium=minisite,,,6,34900095000111,2,0,17/09/2019,1092900  fabricacao de biscoitos e bolachas,4637107  comercio atacadista de chocolates confeitos balas bombons e semelhantes,1,17/09/2019,de 0 a 0,de 6 a 60 m²,70000,0,0,-,-,,2,3,a american cookies possui a receita exclusiva do amor sem perder a qualidade da producao artesanal com ingredientes selecionados e premiuns o resultado e um incomparavel cookie levemente crocante por fora macio por dentro e com recheios de sabores inesqueciveis alem de um delicioso chocolate que derrete na boca a opcao perfeita para uma guloseima genuinamente americana    1092900  fabricacao de biscoitos e bolachas 4637107  comercio atacadista de chocolates confeitos balas bombons e semelhantes
arranjos express,12,https://franquias.portaldofranchising.com.br/franquia-arranjos-express/,mais que uma rede de costura a arranjos express atua com excelencia desde um simples servico de barra ate as mais complexas customizacoes com o conceito de costura criativa criamos junto ao mercado um novo habito de consumo onde o cliente pode consertar transformar adequar e reaproveitar suas pecas,116000.0,0.0,13,0,115.0,(11) 3842-0211,2,http://www.arranjosexpress.com.br/?utm_source=portaldofranchising&utm_medium=minisite,,,6,33255515000191,2,1,04/04/2019,1412602  confeccao sob medida de pecas do vestuario exceto roupas intimas,,1,04/04/2019,de 6 a 6,de 63 a 63 m²,0,42000.0,40000.0,2%,6%, apoio na escolha do ponto  treinamento de colaboradores  apoio de marketing  apoio na negociacao com shoppings  apoio na operacao da loja,2,3,mais que uma rede de costura a arranjos express atua com excelencia desde um simples servico de barra ate as mais complexas customizacoes com o conceito de costura criativa criamos junto ao mercado um novo habito de consumo onde o cliente pode consertar transformar adequar e reaproveitar suas pecas    apoio na escolha do ponto  treinamento de colaboradores  apoio de marketing  apoio na negociacao com shoppings  apoio na operacao da loja 1412602  confeccao sob medida de pecas do vestuario exceto roupas intimas 
atitude point,9,https://franquias.portaldofranchising.com.br/franquia-atitude-point/,oferecer milhares de opcoes em oculos para sua moda em uma realidade em que estamos cara a cara com todo o mundo atraves de novas conexoes a atitude proporciona a qualquer um isso mesmo a qualquer pessoa qualquer um de nos a possibilidade de se reinventar de resignificar sua trajetoria e de se transformar a cada dia atitude,94900.0,0.0,12,0,39.0,(11) 4883-0617,2,http://www.atitudepoint.com.br/?utm_source=portaldofranchising&utm_medium=minisite,,,2,28011879000439,4,2,31/01/2018,4774100  comercio varejista de artigos de optica,,1,31/01/2018,-,-,45000,0,59900.0,1.5% do faturamento,Não cobramos, apoio na escolha do ponto  treinamento de colaboradores  apoio de marketing  apoio na negociacao com shoppings  apoio na operacao da loja,2,1,oferecer milhares de opcoes em oculos para sua moda em uma realidade em que estamos cara a cara com todo o mundo atraves de novas conexoes a atitude proporciona a qualquer um isso mesmo a qualquer pessoa qualquer um de nos a possibilidade de se reinventar de resignificar sua trajetoria e de se transformar a cada dia atitude    apoio na escolha do ponto  treinamento de colaboradores  apoio de marketing  apoio na negociacao com shoppings  apoio na operacao da loja 4774100  comercio varejista de artigos de optica 
babbo giovanni,1,https://franquias.portaldofranchising.com.br/franquia-babbo-giovanni/,voce pode levar a tradicao da babbo giovanni para sua cidade seja um franqueado e faca parte da nossa historia as vantagens de ter uma franquia vao alem da independencia financeira com uma franquia babbo giavanni voce conquista a oportunidade de usufruir os beneficios de uma marca solida e tradicional que tem como alicerce o knowhow de como oferecer e como preparar as famosas pizzas babbo giovanni,320000.0,0.0,24,0,13.0,(11) 5081-2000_,2,http://www.babbogiovanni.com.br/?utm_source=portaldofranchising&utm_medium=minisite,,,11,3334365000140,4,0,04/08/1999,7020400  atividades de consultoria em gestao empresarial exceto consultoria tecnica especifica,7740300  gestao de ativos intangiveis naofinanceiros 8230001  servicos de organizacao de feiras congressos exposicoes e festas,1,10/06/2008,de 10 a 10,de 250 a 250 m²,100000,260000.0,60000.0,2% FATURAMENTO BRUTO,4% FATURAMENTO BRUTO, apoio na escolha do ponto  treinamento de colaboradores  apoio de marketing  apoio na negociacao com shoppings  apoio na operacao da loja,1,3,voce pode levar a tradicao da babbo giovanni para sua cidade seja um franqueado e faca parte da nossa historia as vantagens de ter uma franquia vao alem da independencia financeira com uma franquia babbo giavanni voce conquista a oportunidade de usufruir os beneficios de uma marca solida e tradicional que tem como alicerce o knowhow de como oferecer e como preparar as famosas pizzas babbo giovanni    apoio na escolha do ponto  treinamento de colaboradores  apoio de marketing  apoio na negociacao com shoppings  apoio na operacao da loja 7020400  atividades de consultoria em gestao empresarial exceto consultoria tecnica especifica 7740300  gestao de ativos intangiveis naofinanceiros 8230001  servicos de organizacao de feiras congressos exposicoes e festas
bebidas online,1,https://franquias.portaldofranchising.com.br/franquia-bebidas-online/,invista a partir de r1990000 no maior aplicativo de delivery de bebidas do brasil seja franqueado bebidas online e fatura  de r1 milhao ao ano e tenha total exclusividade em sua cidade,0.0,0.0,0,0,31.0,(17) 99649-7104,0,https://www.bebidasonline.com.br/?utm_source=portaldofranchising&utm_medium=minisite,,,11,37367436000123,2,1,09/06/2020,7490104  atividades de intermediacao e agenciamento de servicos e negocios em geral exceto imobiliarios dispensada ,8291100  atividades de cobrancas e informacoes cadastrais dispensada ,1,09/06/2020,-,-,0,0,0,-,-,,0,0,invista a partir de r1990000 no maior aplicativo de delivery de bebidas do brasil seja franqueado bebidas online e fatura  de r1 milhao ao ano e tenha total exclusividade em sua cidade    7490104  atividades de intermediacao e agenciamento de servicos e negocios em geral exceto imobiliarios dispensada  8291100  atividades de cobrancas e informacoes cadastrais dispensada 
bidon corretora de seguros,12,https://franquias.portaldofranchising.com.br/franquia-bidoncred/,abra agora mesmo sua corretora de seguros com quem ja tem 30 anos de experiencia no mercado que tal voce tera uma loja ja pronta e montada com o padrao bidon essa modalidade foi feita para atender empreendedores que buscam um local de trabalho padronizado porem com baixo investimento,12990.0,0.0,0,0,0.0,(51) 98435-7735,2,http://www.bidonoficial.com.br/?utm_source=portaldofranchising&utm_medium=minisite,,,7,13165921000156,2,2,26/01/2011,6622300  corretores e agentes de seguros de planos de previdencia complementar e de saude,7740300  gestao de ativos intangiveis naofinanceiros,1,26/01/2011,-,-,0,0,0,-,-,,2,0,abra agora mesmo sua corretora de seguros com quem ja tem 30 anos de experiencia no mercado que tal voce tera uma loja ja pronta e montada com o padrao bidon essa modalidade foi feita para atender empreendedores que buscam um local de trabalho padronizado porem com baixo investimento    6622300  corretores e agentes de seguros de planos de previdencia complementar e de saude 7740300  gestao de ativos intangiveis naofinanceiros
biomundo,1,https://franquias.portaldofranchising.com.br/franquia-bio-mundo/,a bio mundo rede de lojas de produtos naturais e nutricao esportiva pensando em expandir as possibilidades de negocios dos futuros franqueados e assim atender a diversos tipos de investidores estudou novos modelos de franquia e lanca a bio small,415000.0,0.0,0,0,132.0,(61) 3771-2800,2,http://www.biomundo.com.br/?utm_source=portaldofranchising&utm_medium=minisite,,,1,29590694000146,4,2,01/02/2018,4729699  comercio varejista de produtos alimenticios em geral ou especializado em produtos alimenticios nao especificados anteriormente,4759899  comercio varejista de outros artigos de uso pessoal e domestico nao especificados anteriormente,1,01/02/2018,-,-,0,0,0,-,-,,1,0,a bio mundo rede de lojas de produtos naturais e nutricao esportiva pensando em expandir as possibilidades de negocios dos futuros franqueados e assim atender a diversos tipos de investidores estudou novos modelos de franquia e lanca a bio small    4729699  comercio varejista de produtos alimenticios em geral ou especializado em produtos alimenticios nao especificados anteriormente 4759899  comercio varejista de outros artigos de uso pessoal e domestico nao especificados anteriormente
bmz auto brokers,11,https://franquias.portaldofranchising.com.br/franquia-bmz-auto-brokers/,venda ate 500 mil em veiculos por mes e fature alto intermediando negociacoes automotivas tenha sua concessionaria digital e faca parte da revolucao do mercado automotivo,38000.0,0.0,0,0,100.0,(19) 3861-0010,0,http://www.bmz.com.br/?utm_source=portaldofranchising&utm_medium=minisite,,,6,36982402000186,2,0,22/04/2020,7490104  atividades de intermediacao e agenciamento de servicos e negocios em geral exceto imobiliarios,4511102  comercio a varejo de automoveis camionetas e utilitarios usados,1,22/04/2020,-,-,0,0,0,-,-,,2,0,venda ate 500 mil em veiculos por mes e fature alto intermediando negociacoes automotivas tenha sua concessionaria digital e faca parte da revolucao do mercado automotivo    7490104  atividades de intermediacao e agenciamento de servicos e negocios em geral exceto imobiliarios 4511102  comercio a varejo de automoveis camionetas e utilitarios usados
